id,content,user_id,article_id,created_at,updated_at
85,"10年以上auの携帯電話を使っている筆者は昨年12月、auのiPhone 5に切り替えた。補償するという意味合いが強かった。KDDIは公式的には消費者への補償はしないと説明していたのに、実際の現場では強くクレームを付ける消費者には補償対応している。まさに「二枚舌営業」なのである。今度は取材として広報部に「二枚舌ではないか」と聞くと、広報部長は「公式見解と個別の顧客対応は違う」と説明、「二枚舌営業」を自ら認めた。大株主のトヨタには特別対応?。これらの疑問についてKDDI広報に聞くと、トヨタへは「特別対応」しているという。トヨタはKDDIの大株主であり、業務用携帯はauを使っているからであろう。",6,131,"2013-10-01 23:41:13.587744","2013-10-01 23:41:13.587744"
89,"そのような状況下、株式会社帝国データバンクは今回初めて、国内の大学発ベンチャー企業536社について分析した。その結果、大学発ベンチャー企業の大半が2000年以降に設立され、その半数以上が現時点で事業の黒字化を成功させていることが判明した。大学発ベンチャー企業の設立時期としては、大学等技術移転促進法(TLO法)が施行された1998年以降増え始め、小泉政権下で実施された「大学発ベンチャー1000社計画」の対象期間であった2003年に最多となった。その一方、15社が既に株式上場を果たしている。このように生存競争を勝ち抜いた大学発ベンチャーは、一定の成果・業績を挙げている。",6,136,"2013-10-02 23:41:06.305632","2013-10-02 23:41:06.305632"
90,"いわゆるガラケー(フィーチャーフォン)の所有率は46%で、スマートフォンが初めて従来型の携帯を上回った。iPadなどタブレット端末の所有率は、前回調査より3.3ポイント増の14.5%だった。所有率の伸びを牽引したのは、女性と10代だ。男女別では、女性の伸び率が男性を5ポイント近く上回った。年齢別では15～19歳のティーン層が大きく伸び、5回目の調査で初めて20代のスマートフォン所有率を上回った。15～19歳の女子のうち実に83%、男子は71%がスマホユーザーであり、それぞれ20代より約5ポイントも高い。(編集担当:北条かや)。",6,135,"2013-10-02 23:41:08.286702","2013-10-02 23:41:08.286702"
91,"自民党の石破茂幹事長は1日の記者会見で「ある地域で金融機関が融資にあたって従業員の給料をあげるようなことをしている会社には融資をしないとか、融資を引き揚げるとかの例を聞いたという発言が党の役員会であった」と語った。そのうえで石破幹事長は今回の消費税引き上げと反動対策としての経済政策について、党青年局や女性局を中心に国民運動的な展開をするほか、各選挙区選出の国会議員が地元で街頭に立つなどして説明する、地域ブロック別会議などを利用し、商工会議所や商工会、JAなど、いろいろな関係者らに説明するなど「党として国民運動を展開する」ことを役員間で共有したとした。 (編集担当:森高龍二)。",6,134,"2013-10-02 23:41:08.639661","2013-10-02 23:41:08.639661"
92,"初のWiMAX2+対応モバイルルータ Wi-Fi WALKER WiMAX2+ HWD14発表。WiMAX / 4G LTEとの3方式対応。By。0。au がモバイルルータの新製品 Wi-Fi WALKER WiMAX2+ HWD14を発表しました。速度制限なし。ハイスピードモード:通信方式はWiMAX とWiMAX2+。WiMAXは速度制限なし。ハイスピードプラスエリアモード:通信方式はWiMAX2+と4G LTE。そのため「WiMAX2+ フラット for DATA(4年)」と同時に契約した場合は最大49か月間、ハイスピードモードのWiMAX2+ を速度制限なしで利用できます。",6,133,"2013-10-02 23:41:09.362289","2013-10-02 23:41:09.362289"
93,"8割近い人がスマートフォン専用サイトの必要性を感じていない。スマホ専用サイトは本当に必要か?。スマートフォン専用サイト	39.0%。PCサイト	45.0%。この結果からも、必ずしもスマートフォン専用サイトが。8割近い人がスマートフォン専用サイトの必要性を感じていないことが判明。スマホサイト作成の最大の目的は、スマホサイトを利用して売り上げを上げる。当然ですが、デザインやUIに優れたスマホサイトを作成するには料金がかかります。そのような場合は、スマホサイト作成後に必ずアクセスを集めるための広告費用が必要になります。その2点のコストは、スマホサイト作成段階から必ず含んでおくべきです。",6,132,"2013-10-02 23:41:10.768071","2013-10-02 23:41:10.768071"
94,"写真拡大。2013年8月に米国で試走されたホンダの新型「NSX」(ホンダ提供)。新型フィットHVが好調のホンダに、新型スポーツカーへの期待が高まっている。発売前の事前受注台数は2万5000台。こうした新型フィットの勢いを背景に、ホンダの新型スポーツカーへの期待感も大きく膨らんでいるようだ。NSXはホンダが1990年に発売した高性能スポーツカー。「S2000」の発売、「予定はない」というが…現在生産を中止している、もう一方のスポーツカー、ホンダ「S2000」への期待も高まるばかり。またS2000の後継として「新型NSX スモール版」が計画されている、との推測もみられる。",6,139,"2013-10-03 15:37:01.509377","2013-10-03 15:37:01.509377"
95,"デベロッパー向けに情報発信をしている「Dr. Dobb's Journal」が、この1年に出版されたIT系書籍の中から優れた本を選ぶ「Jolt Awards」が今年も発表されました。選ばれた書籍を見てみると、まずNoSQLの書籍が入っていることにやや驚きます。しかも著者の1人はあのMartin Fowler氏です。また、5冊目のリーンUXもチームによる開発について触れられているようです。そのほか、テキスト処理、.NETにおける依存性注入と、どれを見ても濃いテーマが並んでいます。(以下の各書籍の紹介は、Amazonでの紹介をざっくり訳したものです)。Jolt Awardsを受賞した5冊の本。",6,137,"2013-10-03 15:37:01.730745","2013-10-03 15:37:01.730745"
96,"　自民党の石破茂幹事長は1日の記者会見で「ある地域で金融機関が融資にあたって従業員の給料をあげるようなことをしている会社には融資をしないとか、融資を引き揚げるとかの例を聞いたという発言が党の役員会であった」と語った。石破幹事長は「こうした問題を法規制できない」とも語り、限界を浮かび上がらせている。
　石破幹事長は、「目的はいかにして経済を成長させ、デフレを脱却し、賃金をあげ、設備投資を促進するかということであり、政府与党一体となってやることで、その経験を糧にしていかねばばらない」と述べた。",1,134,"2013-10-03 22:17:42.013829","2013-10-03 22:17:57.671747"
97,"業績不振のグリー <3632> が、大阪オフィスの閉鎖に続き、初の希望退職実施にも踏み切る。募集人員は、単体従業員の1割強に当たる約200名。 グリーには退職金制度が存在しない。グリーは今回の希望退職に伴い、社員に支払う特別転職支援金と再就職の斡旋費用などを合わせ、会計上11億円の引当金を積む。2013年7〜9月期に特別損失として計上する予定だ。単体従業員数の急膨張が裏目に。希望退職関連とは別に、ソフトウェア資産の減損処理により、30億円程度の特別損失を計上する見通しだ。6月末時点の単体従業員数はDeNAが1074名(連結2054名)に対し、グリーは1762名(連結2364名)。",6,141,"2013-10-03 23:41:05.562869","2013-10-03 23:41:05.562869"
98,"俳優・堺雅人が3日、都内で行われたフジテレビ系ドラマ『リーガルハイ』(10月9日スタート、毎週水曜 後10:00※初回30分拡大)の完成披露試写会後、舞台あいさつに登壇。堺雅人、『リーガルハイ』長期続編プラン熱弁「ダラダラ食いつないでいきたい」 同作は、堺演じる偏屈で毒舌だが、訴訟の勝率100%の敏腕弁護士・古美門と、女優・新垣結衣演じる要領は悪いが真面目で正義感の強い弁護士・黛の凸凹コンビが活躍する法廷コメディードラマ(2012年4月期放送)の続編。舞台あいさつには、堺のほかに、新垣、岡田将生、田口淳之介、松平健が出席。4月にはスペシャルドラマも放送された。",6,142,"2013-10-03 23:41:05.843965","2013-10-03 23:41:05.843965"
99,"現在の東京―名古屋間の新幹線の移動時間が1時間40分なので、1時間も短縮できるというのはかなりの時短。私は移動時間ほど無駄な時間はないと思っていますので、ぜひ東京―新大阪間も早く開通して欲しいと思います。もしくは新聞や本を読んだり。とにかくプレゼン資料作成に100分全部をつぎ込んでも問題はありませんが、ある時間管理術を使うと、集中力を維持しつつ複数タスクをこなすことが可能です。 その時間管理術とは、『ポモドーロテクニック』。1タスク=1ポモドーロとし、1ポモドーロと1ポモドーロの間には5分間の休憩を入れます。これは、だいたい新幹線の移動時間と同じです。仕事のメリハリもつくので効果的です。",6,140,"2013-10-03 23:41:06.194689","2013-10-03 23:41:06.194689"
100,"　皆さんは新幹線での移動中、何をしていますか？ ある時間管理術を使うと、集中力を維持しつつ複数タスクをこなすことが可能です。 
　その時間管理術とは、『ポモドーロテクニック』。 これは25分毎に時間を区切って仕事をする時間管理術のことで、フランシスコ・シリロ氏が1992年に提唱しました。1タスク=1ポモドーロとし、1ポモドーロと1ポモドーロの間には5分間の休憩を入れます。4ポモドーロ(2時間)ごとに30分の長い休憩を取る、というのが一区切りとなります。
　25分だけ作業するというのがポイントで、この短時間で作業に集中することで、生産性を高めることができます。仕事のメリハリもつくので効果的です。 ",1,140,"2013-10-04 12:33:05.110310","2013-10-04 12:33:05.110310"
101,"最近よく「ええっ、結婚したの!? この春!? やだ、新婚さんじゃない、んもー、早く言ってよー!!」となじられる。そう、私のステータスが「独身」から「新婚」へと変更されると、周囲の年浅い既婚者たちが、次々に「新婚」ステージから離脱していく。結婚するつもりじゃなかった。「ずっと独身でいるつもり」だった。私たち夫婦が「新婚さん」でいられる期間は、そう長くはない。「海へ行くつもりじゃなかった」というタイトルのアルバムに、砂浜へ辿り着いた後のジャケット写真が添えられているように。嫁へ行くつもりじゃなかった、とつぶやき続ける女が、うつむきがちながらも前を向いて、結婚生活をテーマに書いてみたいと思います。",6,143,"2013-10-04 23:41:06.054581","2013-10-04 23:41:06.054581"
102,"俳優･堺雅人主演のフジテレビ系ドラマ『リーガルハイ』(10月9日スタート 毎週水曜22:00～22:54)の予告CMで、堺演じる弁護士･古美門研介のセリフ「やられてなくてもやり返す!」が話題になっている。「なんの罠だ…なんの茶番なんだよこれは!」という古美門の絶叫ではじまる予告CM。同作は、昨年4月期の連続ドラマとして放送され、人気を博した『リーガルハイ』の第2弾。その直後の堺主演作ということもあって注目を集めていた『リーガルハイ』だが、今回の局をまたいだパロディでさらに初回放送後も話題を集めそうだ。",6,144,"2013-10-04 23:41:06.181871","2013-10-04 23:41:06.181871"
103,"昔から飲み屋のトラブルで後を絶たないのが「ぼったくり」だ。一方で増えているのが、「あれ、予想していた額よりちょっと多くない?」くらいのきわどい商法をするプチぼったくり店だ。今回、取材班が潜入した店の客引きの言葉がコレ。支払いはひとり当たり3200円……。客引きの言葉にウソはないが、さすがにふたりでお新香×4を頼む勇気はないだろう。味は……あくまで取材班の意見だが、イマイチ。ちなみに、お通しは420円だ。このサービス料、バーなどでは一般的だが、普通の居酒屋だと無い店も多い。とはいえ繁華街の居酒屋は玉石混交。週刊プレイボーイ40号「繁華街で横行!!プチぼったくり居酒屋にダマされるな!!」より。",6,145,"2013-10-05 23:41:06.163044","2013-10-05 23:41:06.163044"
104,"そんな、いざというときのために知っておきたい葬式とお墓に関するお役立ち情報を専門家に聞く!。人生いろいろ、お墓もいろいろ［お墓事情］驚リポート。【ニューデザインお墓】。最近は四角四面の墓石じゃなく、デザインに凝ったお墓もある。【ネット墓地】。土地・墓石不要でインターネット上に仮想のお墓を作るサービス……ではないという。初年度は登録料5250円で、翌年からは年会費2100円。【ハイテク墓地】。屋内墓地ではハイテクな進化も。基本的に宗旨、宗派を問わず、水や花も用意してあり手ぶらで参拝できるという気軽さは、いかにも現代的なサービスだ。― 30～40代のための［葬式&お墓］新常識【9】 ―。",6,146,"2013-10-05 23:41:06.651139","2013-10-05 23:41:06.651139"
105,"最近増えているのが、「予想よりちょっと多くない？」くらいのきわどい商法をする“プチぼったくり店”だ。
「お通しとおつまみをひとり２品ずつ頼べば、飲み放題が２時間９８０円。おつまみは２９０円からあるので、安心してください！」
入店してメニューを見ると、２９０円の料理はお新香一品だけ。客引きの言葉にウソはないが、さすがにふたりでお新香×４を頼む勇気はないだろう。他のメニューを頼もうとすると、強気な価格のオンパレード。味は……あくまで取材班の意見だが、イマイチ。ちなみに、お通しは４２０円だ。
そしてサービス料が、トータル額の１０％。これらを合計すると、「予想よりちょっと多くない？」となってしまうワケだ。",1,145,"2013-10-06 00:07:51.160110","2013-10-06 00:07:51.160110"
106,"◆人生いろいろ、お墓もいろいろ［お墓事情］驚リポート
【ニューデザインお墓】
最近は四角四面の墓石じゃなく、デザインに凝ったお墓もある。ハート型の墓石や登山好きだった方で山の形とか。
【ネット墓地】
基本はすでにお墓をお持ちの方が対象です。最初にご遺族から故人のお墓の写真を送っていただき、弊社がネット上にアップするという流れ。あくまで海外で暮らしていたり、高齢で足腰の悪いご遺族の方々のために生まれたサービス。
【ハイテク墓地】
ICカードをかざすと約1分で納骨堂から厨子というお骨の入った箱が運ばれ、参拝口の墓石にセットされる。すると、参拝口の扉が開いてお参りができるという仕組みです。",1,146,"2013-10-06 00:15:55.604109","2013-10-06 00:15:55.604109"
107,"一日も早く起業したい人が「やっておくこと、知っておくべきこと」読了。起業 |  08:37 |   。こんにちは、広告配信の最適化で常に頭が一杯な@yutakikucです。スタートアップを目指す人は必読!起業成功マニュアルの前半を読んでまとめを書きました - Yuta.Kikuchiの日記 。スタートアップを目指す人は必読!起業成功マニュアルの後半を読んでまとめを書きました - Yuta.Kikuchiの日記 。無駄無駄無駄無駄無駄ァ! - The Lean StartUpから学ぶ無駄の無い起業プロセス - - Yuta.Kikuchiの日記 。強みを活かすことが起業/独立への成功の近道。",6,148,"2013-10-06 23:41:05.883080","2013-10-06 23:41:05.883080"
108,"コンビニ側が客のトイレ使用を断るとき、「当店にはトイレはありません」ということもあるが、各店舗に従業員用は必ずあるわけで、トイレがないということはほぼあり得ない。トイレ管理が店全体の管理につながっている。今では、トイレを貸してくれるほうが主流である。店によっては「男女トイレが分かれている」「男性のみの立ち式トイレがある」「赤ちゃんの待機する場所がある」など、コンビニトイレも侮れない状況になってきている。トイレを借りるとき、よく見かけるのがトイレをご利用の際は、従業員に一声おかけくださいの貼り紙である。海外に行くと、公衆トイレは少なく、あっても有料だったりとトイレに困ることが多い。",6,147,"2013-10-06 23:41:06.041092","2013-10-06 23:41:06.041092"
109,"ソフトバンクとスプリントが直面する先進国通信市場の課題。ソフトバンクのスプリント買収の発表から2週間あまりが過ぎ、過熱した報道も一段落した。別記事「ソフトバンク、米スプリントの買収を正式発表 世界3位の移動体通信事業者へ」より。ソフトバンクが全米第3位の携帯電話会社スプリント・ネクステル(以下スプリント)の買収を発表してから、2週間あまりが過ぎた。一方、スプリントは、先進国の通信事業者の課題を、抱え込んでいるように見える。こうしたリスクを負いながら、ソフトバンクとスプリントは、どこへ向かうのか。トークイベント緊急開催のご案内。  「ソフトバンクによるスプリント買収は業界地図をどう変えるのか」。",6,150,"2013-10-07 23:41:06.556275","2013-10-07 23:41:06.556275"
110,"男性のみなさん、女性は浮気をしない生き物だと思っていないだろうか。女性だって男性と同じくらい浮気をするが、ただそれを武勇伝として人にベラベラ話さないだけなのだ。不倫専門の出会い系サイトAshley Madisonが1万245人のイギリス人女性を対象に調査をおこなったところ、女性が最も浮気に走りやすい年齢は25～34歳で、実に35.1%の人が浮気経験アリと答えたとか。次に浮気が多いのは35～44歳で、30.4%が経験済みだったという。また、浮気経験者の76.9%は、「浮気をしても夫または彼氏への愛は変わらない」と答えたほか、95.1%は「浮気は浮気であり、本気ではない」と断言したそう。",6,151,"2013-10-07 23:41:06.944695","2013-10-07 23:41:06.944695"
111,"さらに11月、1月と続き、やはり寒い時期が多いようだ。一方少ない順で見ると6月、5月、7月となっている。寒いと風邪を引くという因果関係は、数字からも読み取れる写真提供/gettyimages。本格的な冬の到来を感じる今日このごろ。そういえば、一般的に寒くなると風邪を引きやすくなるといわれているけど、改めて考えてみると寒さと風邪を引くとの関係はよく分からない。でも、多くのウイルスの性質上、寒いほうが風邪を引きやすいというなら、北国のほうが南国よりも風邪を引く人が多いってこと?。人間の体ってなんとも不思議ですね。(中山秀明/GRINGO&Co.)。",6,149,"2013-10-07 23:41:07.352233","2013-10-07 23:41:07.352233"
112,"@font-face {。font-family: 'Sosa';。src: url('<%= asset_path('sosa.eot') %>');。url('<%= asset_path('sosa.woff') %>') format('woff'),。url('<%= asset_path('sosa.ttf') %>') format('truetype');。content: attr(data-icon);。font-family: Sosa;。padding-right: 0.2em;。content: attr(data-icon);。font-family: Sosa;。",6,157,"2013-10-08 23:41:05.622354","2013-10-08 23:41:05.622354"
113," 色鮮やかにデザインを一新した新100ドル札が、米国時間10月8日に流通を開始する。米連邦準備制度理事会(FRB)は、セキュリティのための特徴を多数備える新100ドル紙幣を発行すると発表していた。最も注目すべきは、青い3Dのセキュリティリボンと、傾けると色が変わる自由の鐘の図柄だ。また、紙幣を動かすとインクつぼの中の自由の鐘の絵が変化する。目的は、偽造がさらに難しい紙幣を作ることにあった。APによると、100ドル紙幣は米国外で最も偽造されている紙幣だという。FRBは100ドル札のほかにも、5ドル、10ドル、20ドル紙幣のデザインを刷新している。",6,156,"2013-10-08 23:41:06.878572","2013-10-08 23:41:06.878572"
114,"先日ふと「なんで法定速度以上のスピードがでる車が売っているのかな」という、こんな疑問が浮かんできました。聞くまでの経緯はこちら 【自動車メーカー4社聞いてみた】法定速度以上のスピードがでる車を作って販売している理由を自動車メーカー4社に問い合わせしてみた。問い合わせ先。TOYOTAよくあるお問い合わせ。(*)=====================。自動車は、日本の制限速度以上の車を開発するが。=======================。お問い合わせいただきましたご質問内容1.どうして自動車は、日本の制限速度以上の車を開発するのか。結論と、なんで問い合わせしたかの本当の理由。終わり。",6,155,"2013-10-08 23:41:10.125072","2013-10-08 23:41:10.125072"
115,"実際に実行できる環境を作った。でもホワイトノイズを聴くしかできない。CoffeeCollider - GitHub Pages。実行環境はこういう構成になっている。window がコード(通常使用のJavaScript)を実行する場所。iframe は言語ライブラリの実装場所、CoffeeColliderのコードはここで実行される。worker は信号処理を行う場所。<script src=""coffee-script.js""></script>。<script src=""coffee-collider.js""></script>。var cc = new CoffeeCollider();。",6,154,"2013-10-08 23:41:10.221794","2013-10-08 23:41:10.221794"
116,"記事のコンセプト。タイトルに含めた通り、実際にコードを書いて試してみることでBackbone.jsの理解を深めることを一番の目的としています。なので、ぜひ実際に記事の中に出てくるコードを書いて、動かして、コンソールのログや動作を確認することをおススメします。",6,152,"2013-10-08 23:41:10.329229","2013-10-08 23:41:10.329229"
117,"JavaScriptの言語仕様に関するルール。JavaScriptのスタイルに関するルール。JavaScriptにおけるデータ型。JavaScriptの言語仕様に関するルール。var foo = function() {}; 。this.bar = value; 。var o = {};。var o2 = { 。};。JavaScriptのスタイルに関するルール。veryDescriptiveArgumentNumberOne,。veryDescriptiveArgumentTwo,。// ...。veryDescriptiveArgumentTwo,。JavaScriptにおけるデータ型。",6,153,"2013-10-08 23:41:10.732000","2013-10-08 23:41:10.732000"
118,"1. グローバル変数は大文字。PATH や HOME など、環境変数が大文字なので、エクスポートする変数を大文字で書くという習慣は一般的であるような気がしますが、エクスポートする変数を抱えるシェルスクリプトを作成する機会が稀なので。グローバル変数は大文字。ローカル変数は小文字。エクスポートする変数も大文字。関数内からグローバル変数にアクセスする場合がありますが、やはり区別していると、可読性が増すような気がするのでお勧めです。2. コマンドの用法を最大限に活用する。具体的には以下。",6,158,"2013-10-09 23:41:06.745232","2013-10-09 23:41:06.745232"
119,"英語コミットコメントに使えそうなオシャレフレーズを聞いたので、これを使ってドヤ顔コミットをしたくてやれるチャンスを虎視眈々と狙う毎日です 。v, x, g, z とかこのへんが入ってる単語だとなんかカッコ良さ増す。tweak とかデザイナーにはだいぶ便利。単語。意味。",6,160,"2013-10-10 23:41:06.278717","2013-10-10 23:41:06.278717"
120,"くしくもクビ宣告と同じ日、田中の下半身露出写真が雑誌グラビアを飾っていた。修整入りだが、相当グロテスクなどアップ写真ばかり…。このネタ元は、田中と同い年でかつて付き合いのあった元人気AV女優・倖田梨沙(27)だという。ジャニタレにもモテモテの元カリスマAV女優・倖田梨紗 予兆はあった。このバーとは今年はじめ、田中が兄と経営していた店。田中にクビ宣告のあった9月30日発売の月刊誌「実話ナックルズ」には、田中の下半身写真が、巻頭グラビアでカラー掲載されている。「この写メを田中が送りつけてたのは、元人気AV嬢の倖田梨沙だよ」とは雑誌関係者。KAT—TUNは現在、グループとしての活動が激減。",6,159,"2013-10-10 23:41:06.538305","2013-10-10 23:41:06.538305"
121,"windowsでRails環境を構築しようとすると毎回ハマる。
その解決方法、sqlite3いけてないやろ",3,161,"2013-10-11 10:45:15.666177","2013-10-11 10:45:15.666177"
122,"MinGW 版 32bit Ruby 2.0 での sqlite3 の利用。Ruby から sqlite3 を使うには、 rubygems の sqlite3 を使うのが手軽です。しかし、 2013年5月27日時点では、 sqlite3 の Windows 用 gem には Ruby 2.0 向けのバイナリが入っていないようです。ここでは、 Windows 上の 32bit 版 Ruby 2.0 で sqlite3 gem を使う方法について、書いておきます。Windows 上での Ruby 2.0 での sqlite3 gem の準備。Ruby 2.0 のダウンロード。パスなどの初期設定。",6,161,"2013-10-11 23:41:05.765315","2013-10-11 23:41:05.765315"
124,"『SMAP×SMAP』(フジテレビ系)公式サイトより。9月30日、フジテレビ開局55周年特別番組『SMAP GO!GO!』内で放送された『古畑任三郎 VS SMAP その後』。その舞台裏を、演出・脚本を担当した三谷幸喜が、10日付の朝日新聞夕刊の連載「三谷幸喜のありふれた生活」で明かしている。朝日新聞夕刊の連載に、「『古畑任三郎 VS SMAP』の続編であっても、古畑任三郎が出ない以上、シリーズの新作とするのは妙である」とつづり、「古畑の生みの親として、それはやめて欲しいとプロデューサーにお願いしたが、結局、押し切られた」と、自身も不満を抱いていたことを吐露している。",6,163,"2013-10-12 23:41:05.884842","2013-10-12 23:41:05.884842"
125," [シネマトゥデイ芸能ニュース] 22日、連続ドラマ「東京バンドワゴン～下町大家族物語」の制作発表会見が、日本テレビにて行われ、KAT-TUNの亀梨和也と玉置浩二が「堀田家 BAND」としてスペシャルユニットを結成し、11月6日にシングル「サヨナラありがとう」をリリースすることを発表した。亀梨和也&玉置浩二、新ユニット「堀田家 BAND」結成! 画像ギャラリー。亀梨、玉置のほか、出演者の多部未華子、ミムラ、金子ノブアキ、平愛梨、尾澤ルナ、君野夢真、加賀まりこ、平泉成、井ノ原快彦(V6)、原作者の小路幸也、脚本家の大森美香が出席した制作発表会見。(磯部正和)。",6,164,"2013-10-12 23:41:07.129440","2013-10-12 23:41:07.129440"
126,"",6,162,"2013-10-12 23:41:07.616451","2013-10-12 23:41:07.616451"
128,"理不尽な野球界
巨人は強いかどうか知らない",3,166,"2013-10-13 09:40:53.638320","2013-10-13 09:40:53.638320"
129,"あｄｓふぁｄｓふぁｄ
",2,174,"2013-10-13 10:05:26.023145","2013-10-13 10:05:26.023145"
130,"ｄふぁｓｄふぁｓｄふぁｓｄｆ",2,173,"2013-10-13 10:05:40.009914","2013-10-13 10:05:40.009914"
131,"",6,169,"2013-10-13 23:41:07.766994","2013-10-13 23:41:07.766994"
132,"require 'geocoder'。require 'pp'。Geocoder.configure(:language  => :ja,  :units => :km )。pp Geocoder.address(""東京タワー"")。pp Geocoder.search(""東京タワー"")。pp Geocoder.search(""210.194.198.60"")。pp Geocoder.address(""210.194.198.60"")。pp Geocoder.search(""106.187.50.98"")。pp Geocoder.address(""106.187.50.98"")。",6,174,"2013-10-13 23:41:08.317835","2013-10-13 23:41:08.317835"
133,"# 積み木の水槽。water_level = blocks。}。next unless l_lv > lv。next unless r_lv > lv。end。test( ""3"", ""0"" )                                                     # 4。test( ""31"", ""0"" )                                                    # 5。test( ""412"", ""1"" )                                                   # 6。",6,173,"2013-10-13 23:41:08.819791","2013-10-13 23:41:08.819791"
134,"iPhone付属の「EarPods」。EarPodsのいいところ、色々紹介していきますっ!。EarPodsは今までのiPhone付属イヤフォンから、デザインだけでなく形も大きく進化しました。EarPods単品は3000円で購入できますが、同じ価格帯のイヤフォンにはまず負けない音質なんです。EarPodsの右側についたリモコン・マイク。通話時。そんなときは「Apple EarPods専用 シリコン製イヤホンカバー」!!!。EarPodsが合わないと感じる方にもオススメです。EarPodsのいいところをひと通りご紹介しました!。EarPods、iPhoneを買った方はぜひお使いください。",6,171,"2013-10-13 23:41:09.042447","2013-10-13 23:41:09.042447"
135,"動作環境。OS。MacOSX 10.8。Ruby。ruby 2.0.0p0。OpenCV。詳しくは前回を参考に.。カメラを利用する。#!/usr/bin/env ruby。require 'opencv'。include OpenCV。# マシンに接続されているカメラのうち, 1番めのカメラを利用する。camera = CvCapture.open(0)。window = GUI::Window.new('camera')。image = camera.query。window.show image。key = GUI::wait_key 10。break if key == 'q'。end。",6,172,"2013-10-13 23:41:09.392957","2013-10-13 23:41:09.392957"
136,"Xperia Z SO-02EのAndroid 4.2アップデートが週明けの10月15日に実施されるというクチコミが価格.comに投稿されていました。情報元はドコモショップの店員さんとされています。配信時刻は15日18時以降らしいのですが、Xperia Aの場合は午前中に開始されていたので、Xperia Zも午前中に配信開始となる可能性があります。ショップ店員が明かしたAndroid 4.2における変更内容は以下のとおりです。ロック画面にウィジェットが置くことが可能になる。Bluetoothテザリングに対応。Source : 価格.com。",6,168,"2013-10-13 23:41:09.936438","2013-10-13 23:41:09.936438"
137," プロ野球はクライマックスシリーズ(CS)、日本シリーズという1年のヤマ場を迎える。レギュラーシーズン大詰めのパ・リーグ、西武―ロッテの最終戦は2、3位を決める直接対決となり、大入り満員になるほど盛り上がった。",6,166,"2013-10-13 23:41:13.609655","2013-10-13 23:41:13.609655"
138,"今回は本当に自分用のメモです。ActiveRecordで特定のカラムをgroup byしてカウントして、そのカウント数を元にorder byして、配列で取得する手順です。日本語おかしいと思いますんで、コードでw。",6,165,"2013-10-13 23:41:14.080146","2013-10-13 23:41:14.080146"
139,"　iPhone付属の「EarPods」。EarPodsは今までのiPhone付属イヤフォンから、デザインだけでなく形も大きく進化しました。EarPods単品は3000円で購入できますが、同じ価格帯のイヤフォンにはまず負けない音質なんです。
　また、EarPodsの右側についたリモコン・マイク。音楽再生時以外にも、標準アプリと連携して色々な操作ができます。
　ちなみに僕が一番気に入っているのは、あの独特の形です。置くように装着できるのに、しっかりと音が聴こえます。カナル型と違い、ずっとつけていても耳が痛くなりません。EarPods、iPhoneを買った方はぜひお使いください。",1,171,"2013-10-14 00:59:22.806541","2013-10-14 00:59:22.806541"
140,"前回は画像から顔検出を行う方法を紹介したが, カメラも使えるといろいろ面白そうだなーと思い調べてみた.
",1,172,"2013-10-14 01:09:04.848044","2013-10-14 01:09:04.848044"
141,"1. 広告型 -- 見る人を集め、見せたい人がそれを買う
2. 実経済加速型 -- ネットのコスト削減効果を活かす
3. サービス提供チャリンチャリン系
4. 仮想世界のデータ販売 -- ファンを集め、世界観を売り出す
5. プラットフォーム構築 -- 選ばれし者の胴元化戦略",1,162,"2013-10-14 01:11:11.347889","2013-10-14 01:11:11.347889"
142,"IPや住所から詳細情報取得",1,174,"2013-10-14 15:34:04.540107","2013-10-14 15:34:04.540107"
143,"Qiitaに登録されているタグの一覧です。JavaScript、Ruby、PHP、iPhone、Android、Vim、Emacs、Objective-C、CoffeeScript、gitなど、Qiitaでは毎日様々なジャンルの投稿がされています。気になるタグを探してフォローしてみましょう。",1,169,"2013-10-14 15:34:43.925955","2013-10-14 15:34:43.925955"
144,"積み木の水槽(http://nabetani.sakura.ne.jp/hena/ord13blocktup/)という、
積み木で作られた水槽に水を入れたときの水の体積を求めよ、という問題に答えるサンプルコード。",1,173,"2013-10-14 15:38:57.340724","2013-10-14 15:38:57.340724"
145,"Quita に登録して、あなたも興味のあるニュースをキャッチアップしよう！

C++やC, PHPやPerlなどの言語から、VimやEmacs, Git のTipsなどいろいろあるよ。",5,169,"2013-10-14 16:42:26.193533","2013-10-14 16:42:26.193533"
146,"ノブコブ徳井　が不倫したと見せかけて、結局やらせ。
見る価値なし。",5,178,"2013-10-14 16:55:32.633667","2013-10-14 16:55:32.633667"
147,"Color-hex.com gives information about colors including color models (RGB,HSL,HSV and CMYK), Triadic colors, monochromatic colors and analogous colors calculated in color page. Color-hex.com also generates a simple css code for the selected color.。Latest Users Favourite Colors。",6,179,"2013-10-14 23:41:06.555792","2013-10-14 23:41:06.555792"
148,"お笑いコンビ「平成ノブシコブシ」徳井健太(33)が、とんでもない騒動を巻き起こした。若手女芸人との不倫現場を、よりにもよってネットで生配信してしまったのだ。前代未聞の放送事故にネット上は大騒然。ところが途中で、目の前のカメラに語りかける羽柴の行動を不審に思った徳井が問い詰めると、ネット生配信をしていることが発覚。動画共有サイトの再生回数は30万回に迫った…。そもそも徳井は2児の父であり、これが事実となれば不倫ということになってしまう。そもそもノブコブの相方・吉村崇(33)が徳井家の夫婦不和話をネタにしていたことから、余計に不倫説に信ぴょう性を与える結果となった。なんともお騒がせな芸人たちだ。",6,178,"2013-10-14 23:41:06.823801","2013-10-14 23:41:06.823801"
149,"【ビジネスの裏側】 その関西弁、外国人社員に正しく伝わっていますか?−。標準語の日本語を学んだ外国人に関西弁の意味やニュアンスは理解されにくく、ミスコミュニケーションにつながりかねないためだ。だが、生粋の関西人に標準語で仕事をしろというのも酷な話。ミスをした外国人社員を日本人上司が元気づけようとかけた言葉に、その外国人社員は縮み上がった。 関西人が親しみをこめていう「アホか」や、「なんでやねん」という独特の突っ込みも、外国人には理解不能だ。冗談ではなく、こうした積み重ねによって関西企業では今、日本人上司と外国人社員の間でのミスコミュニケーションが急増。",6,176,"2013-10-14 23:41:06.946478","2013-10-14 23:41:06.946478"
150,"前年の同期間と比べると、はてなブックマーク経由は-48.97%、Gunosyは+5,183.07%です。はてなブックマークのアルゴリズムが変更されたり、Gunosyのアプリが登場したりと様々な要因がありますが、一時期誰もが口を揃えて言っていた「はてなブックマークを狙え」という手法の時代は完全に終わりの時期に来たと感じています。「はてなブックマーク人気エントリーになる=Gunosy掲載」ではない。最近、Gunosyに掲載されてアクセスが多かった記事は以下。はてなブックマーク経由でアクセスの多かった上位10記事。男性には理解不能。Gunosy経由でアクセスの多かった上位10記事。",6,177,"2013-10-14 23:41:07.175654","2013-10-14 23:41:07.175654"
151,"テスト書きすぎるとよくないって言ってる人がいた.DHHっていう人.作業時間の1/3以上テストしてたらおかしいとか,ActiveRecordのバリデーションなど,Railsの機能はテストしない,とか.。ケースバイケースとしか… テスト書きすぎ問題 - hitode909の日記 http://t.co/PEb24pMCQR #Zenback @hitode909さんから&mdash; なおぱー (@naopr) 2013, 10月 14。階層が増えるとテストが増える - はこべブログ ♨。スポーツの秋とテスト - ainameの日記。追記,テストについての話題が集まりつつある.。追記。",6,175,"2013-10-14 23:41:07.356909","2013-10-14 23:41:07.356909"
152,"Nokogiriでスクレイピングする記事検索してたら魏のwiki出てきてワロタ",3,180,"2013-10-15 09:51:02.043600","2013-10-15 09:51:02.043600"
153,"大型で強い台風26号の接近に伴い、東京都内のホテルは出勤が困難になることに備えた人たちなどの予約で、満室になるところが増えています。このうち東京・渋谷の渋谷東武ホテルでも、およそ200室ある部屋がすでに予約で満室になっています。渋谷東武ホテルの稲生篤史さんは「通常、連休明けは空室が多いのですが、台風の接近に伴い、きのうの昼ごろから予約の問い合わせが増えてきて、けさも電話が鳴りやまない状況です」と話していました。",6,185,"2013-10-15 23:41:05.352374","2013-10-15 23:41:05.352374"
154,"ドラマ『Woman』(日本テレビ系)でシングルマザーを演じ、多くの女性団を泣かせている満島ひかり(27才)。その秘密は挫折と家族にあった。結局、満島は個人で芸能活動を続けたが、鳴かず飛ばずの日々が続く。どん底の日々を送っていた満島。そんな彼女を支えていたのは意外な人物だった。「当時、満島さんはミッツ・マングローブさん(38才)が経営していたバーに足繁く通っていたそうです。ひかりと名前をマジックで書いた焼酎ボトルを飲みながら、ふたりで夜な夜な語り明かしていたみたいなんです」(満島の知人)。ミッツも自身のブログで、満島との友情について、こう綴っている。※女性セブン2013年9月12日号。",6,184,"2013-10-15 23:41:05.538247","2013-10-15 23:41:05.538247"
155,"13日にスタートした、SMAPの木村拓哉主演のTBS系ドラマ「安堂ロイド〜A.I. knows LOVE?〜」(日曜、午後9・00)の初回視聴率が関東地区で19・2%(ビデオリサーチ調べ)を記録したことが15日、分かった。また、木村は同番組の公式ホームページで、役柄の沫嶋黎士としてブログを開設。キムタクの生の声が直接聞ける貴重な機会とあって、大反響となっている。【写真】浜崎あゆみ、長瀬への思い吹っ切れた!肩のペアタトゥーも消した… TBSによると、「沫嶋黎士」名義でのブログ開設は9日から。1日に約2回のペースでブログを更新しており、アクセスが集中し、同ブログがつながりにくい状態となっている。",6,182,"2013-10-15 23:41:05.858693","2013-10-15 23:41:05.858693"
156,"今や一大SNSとなったフェイスブック。その機能のひとつとして活躍しているのが「いいね!」ボタンです。しかし、国によってはこのフェイスブックの投稿はもちろん、投稿記事に「いいね!」することさえ禁じている地域があることをご存知でしょうか。「『いいね!』で測る各国のネット自由度」というタイトルの記事で、世界には「違法コンテンツに『いいね!』すると刑罰の対象になる国がある」として、具体的な例を次のように挙げています。あらゆる角度から世界情勢を切り取る「Newsweek」。思わず自慢したくなりそうです。【関連リンク】。広告+ オフシャルサイト。http://kokoku-plus.com/。",6,183,"2013-10-15 23:41:06.185207","2013-10-15 23:41:06.185207"
157,"気象庁は15日午前、臨時の記者会見を行い、「関東に接近する台風としては『10年に一度』の強さとなる。早めの避難を心がけるとともに不要な外出は控えてほしい」と、厳重な警戒を呼びかけました。気象庁予報課の内田裕之主任予報官は15日午前、臨時の記者会見を行いました。このなかで内田主任予報官は「台風26号は、16日の朝、強い勢力で関東地方にかなり接近する見込みで、上陸するおそれもある。関東地方に接近する台風としては、平成16年10月の台風22号以来、『10年に一度』の強い台風になるおそれがある」と説明し、東海から北海道にかけての太平洋側を中心に暴風や高波に厳重に警戒するよう呼びかけました。",6,181,"2013-10-15 23:41:06.248742","2013-10-15 23:41:06.248742"
158,"document。ruby nokogiri スクレイピング  &dagger;。スクレイピングのためのNokogiri利用メモ - それはそれ。Document 等の Nokogiri::XML::Node または Nokogiri::XML::NodeSet オブジェクトに対して、。doc.xpath(""//td"").each do |v|。print 'aaaaaaaaaa' + NKF.nkf(opt,v.path) + ""aaaaaaaaaaa\r\n""。tds[0].next #次のノード。tds[0].parent #親ノード。if(cqid.length != 0)。end。",6,180,"2013-10-15 23:41:06.456266","2013-10-15 23:41:06.456266"
159,"農業革命、工業革命、そして情報革命——。20世紀の終わりに発生した第3の革命はまだ始まったばかりだ。しかし、20年前と比べれば生活の変わりように気づくはず。圧倒的利便性によって、インターネットは急速にライフラインになった。2008年に1兆だったページの数は現在、30兆。ネット利用者数もまた現在の23億人からさらに膨れ上がっていく。あらゆる情報がネット上に集約され、人が互いにつながる世界、世界全人口の70億人がネット化する未来とは。「インターネットの父」や「AI(人工知能)研究の第一人者」と呼ばれる賢者の言葉から、10年先のネットの世界を展望する。目次。",6,186,"2013-10-16 23:41:05.439534","2013-10-16 23:41:05.439534"
160,"GitHub Flow に準ずる。新しい何かに取り組む際は、 pull request を用いるべきである。作成したブランチにローカルでコミット後、ただちに github に push し タイトルに [WIP] と付けた pull request を作成しなければならない。レビューアを github のメンションを用いて指定しなければならない。デプロイは pull request の作成者が行う。デプロイは capistrano もしくは webistrano を用いるべきである。Release&rsquo;s notes の作成方法。Publish release ボタンをクリックする。",6,187,"2013-10-17 23:41:05.541523","2013-10-17 23:41:05.541523"
161,"                        We have emailed the verification/download link to """".。schoowebcampus。ーーーーーーーーーーーーーーーーーーーーーーー...。ーーーーーーーーーーーーーーーーーーーーーーーschoo WEB-campusは「WEBに誕生した、学校の新しいカタチ」。https://schoo.jp/class/200/roomーーーーーーーーーーーーーーーーーーーーーーー。Uploaded via SlideShare as Adobe PDF。© All Rights Reserved。",6,190,"2013-10-18 23:41:06.860071","2013-10-18 23:41:06.860071"
162,"この授業は、「起業前に知っておきたい、の具体策」として、シリーズで開講されており、起業前〜起業して間もない方が対象となっています。クラウドファンディングサービス、CAMPFIREを運営する株式会社ハイパーインターネッツより代表の石田光平さんを先生としてお招きして授業を開講します!サービス立ちあげから、運営する際に直面した事柄について、経験談を基に授業を進行します。起業検討中の方から、会社を始めたばかりの方にこそ受けていただきたいベストプラクティス満載の授業です。",6,191,"2013-10-18 23:41:07.158689","2013-10-18 23:41:07.158689"
163,"特にシリーズ化を目論むわけではないですが、。完全に理解しているわけではないけど、使える。そういうのはよくないのでしっかりと理解しよう!。というテーマでやります。今回はSSHの仕組みについて書いていこうと思います。参考記事。概要 ~SSHとは~。SSHの仕組みを理解するための用語。鍵交換方式の仕組みと実際のコマンド。このような流れで書いていきます。概要 ~SSHとは~。SSHはSecure Shellの略で、あるマシンに別のマシンからアクセス , ログインするというイメージです。サーバーというときはクライアントといい、。リモートというときはローカルというイメージ。たぶん厳密には違うのだろうけど。",6,189,"2013-10-18 23:41:07.296365","2013-10-18 23:41:07.296365"
164,"Web系に限らずですがとにかくいろんなことを考えなければいけません。業界で3年以上やっていたエンジニアならいざしれず、非エンジニアやフロントエンドしか触ったことのないエンジニア。そして学生等々、Web系ベンチャーをやるには案外考えることが多いんだぜってことを伝えたいと思います。開発編。運用編。まとめ。という流れで説明します。開発編。主にサービスローンチまでのプロセス。最近でいうとMVP (Minimum Viable Product)だったりアジャイルだったりが流行っていますが、。とりあえずMVPを構築するまでに考えなければいけないことをリストを書いていきます。",6,188,"2013-10-18 23:41:07.446901","2013-10-18 23:41:07.446901"
165,"これは刑法で禁じられた「賭博」にあたらないのだろうか。一見「賭博」にあたりそうだが&hellip;&hellip;。それなら、番組でやっている内容は、まさに「賭博」に該当しそうだが&hellip;&hellip;。その場の食事や飲み物代なら賭けてもOK。なるほど、関係者がその場で消費する食べ物や飲み物、その支払いを賭けて行うゲームは賭博罪にならないということだ。伊藤弁護士は「現金を賭けた場合には、金額がたとえ少額であっても賭博罪に該当します」と注意を促していた。(弁護士ドットコム トピックス)。伊藤 諭(いとう・さとし)弁護士。横浜弁護士会所属(川崎支部)。事務所名:市役所通り法律事務所。",6,192,"2013-10-19 23:41:05.594801","2013-10-19 23:41:05.594801"
166,"Resqueの構成例:。1つのworkerは1つずつjobを実行する。queueの作成はrubyコードで定義する。$ cd examples/demo。require 'resque'。module Demo。  module Job。    @queue = :default。      sleep 1。このJobを作成しqueueに登録してみる。>> require 'job'。>>Resque.enqueue(Demo::Job, 'aaa')。(in /Users/masatomo/workspaces/resque/examples/demo)。Processed a job!。",6,196,"2013-10-20 23:41:07.210752","2013-10-20 23:41:07.210752"
167,"memo.yomukaku.net。Rails 4の非同期キュー: ActiveSupport::Queue。Rails 4から標準で非同期のキューが使えるようになるようです。ActiveSupport::Queueについてはhttp://edgeapi.rubyonrails.org/classes/ActiveSupport/Queue.htmlにより詳しく書かれています。ActiveSupport::Queueの使い方。Rails.queue.push(PublishBook.new(book))。rails。rails4。rails 4。active support。queue。",6,197,"2013-10-20 23:41:07.423348","2013-10-20 23:41:07.423348"
168,"Railsで入力画面からDB登録をして、メールを送って、画像リサイズして、Tweetして…完了画面を出すなんてときに、DB登録以外の処理を非同期にして、サクっと画面を出すときに使えるプラグインです。仕組みとしては、「delayed_jobs」というテーブルに実行予約させる処理を登録して、 定期的にdelayed_jobsプロセスが予約済みの処理を順次実行していってくれます。[Rails][非同期処理]delayed_job設定方法まとめ | NAMAKESUGI。ruby 1.8.7。Rails 2.3.8。delayed_job 2.0.5。Rails3x系は上記サイトなどをご参考ください。",6,195,"2013-10-20 23:41:08.790685","2013-10-20 23:41:08.790685"
169,"cluster_id2 \t key2-1 \t value2-1 \t key2-2 \t value2-2 \t ...\n。 cluster_id1 \t key1-1 \t value1-1 \t key1-2 \t value1-2 \t ...\n。cluster_id2 \t key2-1 \t value2-1 \t key2-2 \t value2-2 \t ...\n。1       田村    小島。2       阿佐田  青柳。小島    1       0.987737。古川    3       0.922401。田村    1       0.987737。",6,193,"2013-10-20 23:41:10.103101","2013-10-20 23:41:10.103101"
170,"動機。TopCoderリターンズ。そうやってしばらくTopCoderから離れてしまってから、再度TopCoder熱が再燃したのは、社会人になって会社の同僚とTopCoderの勉強会をしようという話をしてからでした。TopCoderはじめました(今更。TopCoderアカウント登録、SRM(Single Round Match)解説。雑記/TopCoderでプラグインを導入してコーディング時間を短縮する。SRMのルール。まずSRMに参加すると、参加者はDiv1とDiv2に分かれます。TopCoderに参戦開始。TopCoderのSRMに参戦して、レーティングがつけられると、モチベーションが湧く。",6,200,"2013-10-21 23:41:06.568910","2013-10-21 23:41:06.568910"
171,"",6,199,"2013-10-21 23:41:09.211099","2013-10-21 23:41:09.211099"
172,"ロングセラー書の改訂第5版。OS Xで初めてUnixに触れる人にとって必要な情報は何かを簡潔にまとめた、Macユーザにとっても敷居が高くないUnixコマンドの解説書。Unixシステムでよく使われるコマンドを網羅的に解説します。Dave Taylor(デイブ・テイラー):ビジネスとテクノロジーの分野で人気の評論家、作家、教育者、講演者。教育学修士。「AskDaveTaylor.com」という技術についてのQ&Aサイト(http://www.askdavetaylor.com/)も運営している。コロラド州ボルダー在住。http://www.davetayloronline.com/にウェブページ。",6,198,"2013-10-21 23:41:10.985563","2013-10-21 23:41:10.985563"
173,"Rails上でのBULK　INSERTの方法。
タグの編集に使えるのではないかと思う。",3,201,"2013-10-22 05:25:00.476832","2013-10-22 05:25:00.476832"
174,"photo by Iqbal Osman1。このたび留年が確定しました。現状。uiureo/seiseki.pdf &middot; GitHub。語学は4期連続で単位を落とし続けている。こうなった理由は、当然大学に行かなかったからだ。卒業へのモチベーションがないというのも大きいと思う。大学を卒業してもやりたいことがない。卒業する経済的メリットがないというのもある。履修した授業では試験にだけ出現する幽霊になった。結局3回生前期で単位が取れた授業は一つだけだった。卒業。現実的な問題を言って、年々卒業難易度が上がっている。俺が卒業できないのはどう考えても総長が悪い。なんとか今世紀中には卒業したい。",6,202,"2013-10-22 23:41:07.905227","2013-10-22 23:41:07.905227"
175,"タレントのタモリさんが司会を務めて30年以上続き、ギネス世界記録にも認定された民放のバラエティ番組「笑っていいとも!」が、来年3月いっぱいで終了することになりました。番組の終了は、22日に放送された番組の中で、タレントの笑福亭鶴瓶さんの問いかけに、司会のタモリさんが「来年の3月で終わります」と答えるかたちで、明らかにされました。「笑っていいとも!」は、昭和57年に放送が始まったフジテレビのバラエティ番組で、日替わりのゲストとタモリさんが軽妙な会話を繰り広げる「テレフォンショッキング」などさまざまなコーナーで人気を集めました。テレフォンショッキングの第1回のゲストは、歌手の桜田淳子さんでした。",6,203,"2013-10-22 23:41:07.996773","2013-10-22 23:41:07.996773"
176,"そこでBULK INSERTと言われる単発のSQLで一括登録する方法がよく使われます。BULK INSERTとは。単純なbooksというテーブルを使い、BULK INSERTはどういうものか確認する。`name` varchar(255) COLLATE utf8_unicode_ci DEFAULT NULL,。`created_at` datetime NOT NULL,。`updated_at` datetime NOT NULL,。) ENGINE=InnoDB DEFAULT CHARSET=utf8 COLLATE=utf8_unicode_ci。",6,201,"2013-10-22 23:41:08.353508","2013-10-22 23:41:08.353508"
177," [youRoom][rails][plugin] Railsで非同期処理を行うには""Delayed_job""がおすすめ。Railsで非同期処理を行いたいと思うことはありませんか?。そんな時便利なのが""Delayed_job""というプラグインです。http://github.com/tobi/delayed_job。mail.deliver。mail.send_later(:deliver)。rake jobs:work。このような感じで、""Delayed_job""を利用すると非常に簡単に非同期処理を実現できます。Railsで非同期処理を行うときは、ぜひDelayed Jobをご利用ください。",6,194,"2013-10-22 23:41:09.224255","2013-10-22 23:41:09.224255"
178,"髪を剃ったらクセ毛が直る?。ある日、髪質が変わることは大いにあり得るが、坊主にしたことに起因することはない。暑い日が続いているし、ここは思い切ってばっさりいってしまうのも…ありかも? 写真提供/PIXTA 前髪が額にベッタリとはりつき、襟足には汗の [...]。",6,204,"2013-10-23 23:41:07.057032","2013-10-23 23:41:07.057032"
179,"RSpec の簡単な使い方。RSpec on Rails (途中まで)。RSpec を実行できます。RSpec の実行。RSpec on Rails は、RSpec を Rails で使うための Rails プラグインです。RSpec。RSpec on Rails のインストール。RSpec をプラグインとしてインストールすることで、RSpec と RSpec on Rails の。す。この連載でも RSpec と RSpec on Rails の両方を Rails プラグインとしてインストー。# RSpec on Railsをインストールする。RSpec on Rails 用ファイルの生成。",6,218,"2013-10-24 23:41:07.258550","2013-10-24 23:41:07.258550"
180,"it ""sasata299's blog はタグを2つ持つこと"" do。name: ""sasata299's blog""。- sasata299's blog は perl と mysql というタグを持つこと。- sasata299's blog はタグを2つ持つこと (PENDING: hoge)。Blogデータを一覧表示する場合 sasata299's blog はタグを2つ持つこと (hoge)。==============================================================================。blogs(:my_blog)。",6,217,"2013-10-24 23:41:07.483951","2013-10-24 23:41:07.483951"
181," Rails 3 でやってみた --『スはスペックのス 【第 1 回】 RSpec の概要と、RSpec on Rails (モデル編)』。Rails。Rubyist Magazine - スはスペックのス 【第 1 回】 RSpec の概要と、RSpec on Rails (モデル編)。spec/models/entry_spec.rb。spec/models/blog_spec.rb。spec/models/entry_spec.rb。Rails 3 でやってみた --スはスペックのス 【第 2 回】 RSpec on Rails (コントローラとビュー編) - 牌語備忘録 - pygo。",6,216,"2013-10-24 23:41:09.675440","2013-10-24 23:41:09.675440"
182,"require 'spork'。#require 'spork/ext/ruby-debug'。Spork.prefork do。# need to restart spork for it take effect.。require 'rspec/rails'。require 'rspec/autorun'。# in spec/support/ and its subdirectories.。RSpec.configure do |config|。#。#。# config.mock_with :rr。# rspec-rails.。end。end。Spork.each_run do。end。",6,215,"2013-10-24 23:41:10.461441","2013-10-24 23:41:10.461441"
183,"I'm using rspec for testing w my rails 3 app. I need to seed the database before the tests start. How can I seed the database with the following:。/db/seeds.rb。[""Admin"", ""Member""].each do |role_name|。Role.find_or_create_by_name(role_name)。end。Thanks。",6,213,"2013-10-24 23:41:11.225349","2013-10-24 23:41:11.225349"
184,"RSpec の簡単な使い方。RSpec on Rails (途中まで)。RSpec を実行できます。RSpec の実行。RSpec on Rails は、RSpec を Rails で使うための Rails プラグインです。RSpec。RSpec on Rails のインストール。RSpec をプラグインとしてインストールすることで、RSpec と RSpec on Rails の。す。この連載でも RSpec と RSpec on Rails の両方を Rails プラグインとしてインストー。# RSpec on Railsをインストールする。RSpec on Rails 用ファイルの生成。",6,214,"2013-10-24 23:41:12.203205","2013-10-24 23:41:12.203205"
185,"SublimeText3 でも動作確認しました。設定。(sublime 3 は怒られません。SublimeText2 ( SublimeText の再起動が必要)。https://github.com/SublimeText/TrailingSpaces。sublime-text-2-git。https://github.com/kemayo/sublime-text-2-git。SublimeText3 でも動いた。https://github.com/SublimeText/Tag。https://github.com/maltize/sublime-text-2-ruby-tests。",6,212,"2013-10-24 23:41:12.586189","2013-10-24 23:41:12.586189"
186,"Compassのインストール。Sublime Text 2とパッケージをインストール。5, Sublime Text 2とパッケージのインストール。Sass。最後に、Sublime Text 2でビルド設定を変更します。/* *****************************。**************************** */。/* *****************************。**************************** */。Sublime Text 2 で Sass/compass のコンパイルができるパッケージ 『Compass』。",6,210,"2013-10-24 23:41:15.268604","2013-10-24 23:41:15.268604"
187,"Emmetプラグインのインストール!。Emmet Documentation。Emmetプラグインのインストール!。//[Emmet]Tabキー展開の停止。}。/*box-shadow*/。/*text-shadow*/。/*box-shadow*/。/*text-shadow*/。-moz-text-shadow: -1px 1px 0 #033070;。-o-text-shadow: -1px 1px 0 #033070;。text-shadow: -1px 1px 0 #033070;。第0回 Sublime Text 2 勉強会 で Emmet について話してきた。",6,211,"2013-10-24 23:41:15.479296","2013-10-24 23:41:15.479296"
188,"「before」ってあるじゃないですか。before(:each) do。it ""should say hello"" do。puts ""hello!""。:allとすると、そのブロックが実行される最初に1度だけbeforeが、最後に一度だけafterが実行されます。before :allの罠その① rollbackされない。もし:allでデータを作る際は、after :allのなかでお掃除してあげましょう。before :allの罠その② Mockが使えない。ただ、before :allのブロック内でRSpec::Mock(stubとかmockとかdoubleとか)のメソッドを使おうとすると、。",6,208,"2013-10-24 23:41:15.705557","2013-10-24 23:41:15.705557"
189,"reconnect: false。host: localhost。require 'spec_helper'。expect(response).to be_success。expect(response).to render_template('index')。expect(response).to be_success。expect(response).to render_template(""show"")。context ""when access to not exsting image id"" do。expect(response) render_template(""notfound"")。",6,207,"2013-10-24 23:41:16.174123","2013-10-24 23:41:16.174123"
190,"テスト用DBを構築してスキーマも整えた上で以下のコマンドを打つ。$ rake db:seed RAILS_ENV=test。どうしたものかとRakeタスクの内容を追いかけてみたが、テスト関連のタスクから完全にスルーされているのでseed.rbをテストに使うのはいかんのかとか、seed.rbって実はそんなに使われてないのかななどと言う考えが頭をよぎる。とはいえseed.rbの内容(マスタ類)をやっぱり使いたいので、結局はspec_helper.rbに以下の行を追加することで対応した。system(""rake db:seed"")。もっと賢いやり方があれば教えてください。RailsのRakeタスク。",6,206,"2013-10-24 23:41:16.679037","2013-10-24 23:41:16.679037"
191,"Railsの自動テスト(RSpecでModelのテスト編)。今回はRailsで自動テストをする時に使うRSpecを紹介したいと思います。group :test do。gem ""rspec""。gem ""rspec-rails""。end。$ rails g rspec:install。create  .rspec。create  spec。create  spec/spec_helper.rb。$ rails g rspec:model user。create  spec/models/user_spec.rb。spec/model/user_spec.rbを見てみると次のようになっています。",6,205,"2013-10-24 23:41:18.109643","2013-10-24 23:41:18.109643"
192," ヤフーはソニーの『SmartWatch 2(SW2)』に対応するAndroidアプリ『雨雲レーダー for SmartWatch』を公開した。Android版『Yahoo!地図』と連携して、SmartWatch上で雨雲の状況を確認できるアプリだ。機能は単純で、起動すると自動的に現在地の雨雲の様子を表示する。SmartWatch上でスクロールや時間推移の操作などはできない。また、雨雲レーダーを表示させたSmartWatchの画面をダブルタップすると、連携するAndroidスマートフォンで『Yahoo!地図』アプリが起動する。スマホのアプリ上では詳細な状況や60分後までの降雨予報を確認可能だ。",6,219,"2013-10-25 23:41:06.437921","2013-10-25 23:41:06.437921"
193,"Compass、Sass(Scss)とは?。Sass(Scss)とは?。}。Compassとは?。@import ""compass"";。SassとCompassの導入。Sublime Text 2 で Sass/compass のコンパイルができるパッケージ 『Compass』 « shilog。Sassのインストール。Compassのインストール。Sublime Textでパッケージのインストール。では次にSublime TextでCompass、Sassが使えるようパッケージをインストールしていきます。Sass。Compass。css_dir = ""css""。Sassファイルをコンパイル。",6,209,"2013-10-28 23:41:06.497601","2013-10-28 23:41:06.497601"
194,"SSL証明書というと値段が高い印象がありましたが、StartSSLというサービスで無料でSSL証明書の発行を受けられると言うことで試してみました。StartSSLにユーザー登録する。証明書の発行を行う前に、StartSSLにユーザー登録する必要があります。StartSSLから、""StartSSL Free (Class1)""を選択します。登録を完了すると、StartSSLへのログイン用SSL証明書発行のためのURLが送られてきます。証明書を発行したいドメインを登録します。証明書の設置。今回はnginxでSSL証明書を利用できるようにしてみます。SSL証明書を設置するディレクトリに移動します。",6,220,"2013-10-30 23:41:06.771371","2013-10-30 23:41:06.771371"
195,"ラグビー日本代表はオールブラックスから何点取る?。2日に行われるラグビー日本代表vs.ニュージーランド代表の先発メンバーが発表され、ニュージーランド代表は世界最高峰のSOダン・カーター、主将リッチー・マコウが名を連ねました。日本の過去の対戦成績は0勝4敗(最高得点は17点)ですが、今回の試合で日本は何点取ることができると思いますか?。40点以上。30点以上。18点〜29点。8点〜17点。5〜7点。0〜3点。投票する。投票せずに結果を見る。",6,221,"2013-11-01 23:41:05.796977","2013-11-01 23:41:05.796977"
199,"現在、帰国中のダルビッシュ有(27才)は、元プロゴルファー・古閑美保(30才)が生活する都内の超高級マンションで寝泊まりしているという。しかし10月26日、ダルはハーフモデルのMALIA(30才)らと六本木界隈で会食。もちろんその場には古閑はいなかった。その日の翌々日、ダルと古閑は都心の閑静な住宅街にある高級寿司店で夕飯を楽しんでいた。カウンターに並んで座り、寿司をつまむダルと古閑。時折、ダルは古閑の方へ大きく肩を預け、その姿はまるで夫婦のようだったという。そのオーダーは、ダルに代わって、古閑から店主へと伝えられていた。会計を済ませるとダルは古閑をひとり店に残し、その友人と先に店を出た。",6,229,"2013-11-02 23:41:07.867937","2013-11-02 23:41:07.867937"
200,"「村上春樹の小説がどうも好かん」という方に、たまに出くわします。村上春樹の小説の「好き」「嫌い」は、いったいどこで分かれるんでしょうか?。なぜなら、『ノルウェイの森』は村上春樹の小説のなかでは、ちょっと例外的な作品だからです。アンチ村上派のための村上春樹案内。エッセイは『雨天炎天』です。あなたは、村上春樹が好きですか? 嫌いですか?。『色彩を持たない多崎つくると、彼の巡礼の年』を読んでの、とりあえずの感想 - (チェコ好き)の日記『色彩を持たない多崎つくると、彼の巡礼の年』を読む前に、これもチェック！ - (チェコ好き)の日記村上春樹『遠い太鼓』に見る旅の極意3つ - (チェコ好き)の日記。",6,228,"2013-11-02 23:41:08.139268","2013-11-02 23:41:08.139268"
201,"プラスアルファ・コンサルティングとズノーは11月1日、ネット上で話題のワードをテキストマイニング技術で分析し、ヒットの真相やネットユーザーの動向を紹介するWebサイト「ミシェル!」をオープンした。このサイトは、プラスアルファ・コンサルティングが開発したソーシャル分析ツール「見える化エンジン」を活用。こうした情報は、企業のマーケターが企画書に使えるようにし、企画やマーケティングに携わるビジネスパーソンに役立つ情報提供を目指す。",6,227,"2013-11-02 23:41:12.030553","2013-11-02 23:41:12.030553"
202,"おわりに。本来は自分達でおもしろサイトを探してくるのが一番なのだが、全員がそんな時間があるわけでもない。今回紹介した人達のブクマしたサイトを援護するだけでも、はてなブックマークは更に面白くなるんじゃないだろうか。※idコール飛びまくりですいませんm(__)m。",6,222,"2013-11-02 23:41:12.162916","2013-11-02 23:41:12.162916"
203,"執筆: Ryutaro Mori, Vapes Inc,.(株式会社Vapes)。「SEOなんて時代遅れ」。本日はそんな現状を考慮して、「グーグルのガイドラインに違反すること無くトラフィックを増やす13の心得」をご紹介致します!。hタグ。4. ガイドラインに沿ったリンク施策は超効果的。5. グーグルキーワードプランナーを使う。7. グーグルに勝とうとしない。ロングテールキーワード対策に有利。)。持てるコネクションは余すこと無く使いましょう!。・SEOは必ずグーグルが公表するガイドラインに沿って施策を行いましょう。執筆: Ryutaro Mori, Vapes Inc,.(株式会社Vapes)。",6,225,"2013-11-02 23:41:12.765830","2013-11-02 23:41:12.765830"
204,"1−1.コンテンツマーケティングによる効果。2.コンテンツマーケティングの全体像と基礎知識。・2−1−1.コンテンツマーケティングの定義・2−1−2.購買サイクルとコンテンツマーケティング。2−2.コンテンツマーケティング成功のカギ。5.コンテンツマーケティング実践その3:「検討」。6.コンテンツマーケティング実践その4:「購入」。1ー1.コンテンツマーケティングによる効果。2. コンテンツマーケティングの全体像と基礎知識。2−1−1.コンテンツマーケティングの定義。2−1−2.購買サイクルとコンテンツマーケティング。 。2−2.コンテンツマーケティング成功のカギ。",6,224,"2013-11-02 23:41:13.622714","2013-11-02 23:41:13.622714"
205,"全国に約120か所ある巨大ショッピングセンター(SC)の「イオンモール」。そこで休日に一日中過ごす家族のことを指して、イオニストなる造語まで登場している。大型のショッピングモールはいまさら珍しくないが、なぜこれほどイオニストが増殖しているのか。そして、今年の12月20日にはイオン本社のお膝元である千葉市に「イオンモール幕張新都心」をオープンさせる。まさにコト消費が詰まったイオンモール肝煎りの旗艦店に位置付けられる。流通コンサルタントの月泉博氏が話す。郊外のメリットである広大な敷地を最大限に利用したコト消費で、都会のイオニストを囲い込めなければ、飽和するSC戦争に勝ち残れないということか。",6,223,"2013-11-02 23:41:13.808000","2013-11-02 23:41:13.808000"
206,"MVCの勘違いに関しては、以下のSlideShareが有名かと思います。やはりお前らのMVCは間違っている @mugeso。Userからの入力をControllerが受け取る。取得したデータをControllerが加工する。加工したデータをViewに転送する。Model:データ置き場。MVCの本当の姿?。Userからの入力をControllerが受け取る。ControllerはModelの持っている加工メソッドを操作する。ControllerがViewに命令を送る。Controller:Modelの加工メソッドの操作&Viewの操作をする人。View:Modelの状態を参照し視覚表現するもの。",6,226,"2013-11-02 23:41:13.985130","2013-11-02 23:41:13.985130"
207,"平成ノブシコブシの人の記事
動画見たけど相手の女性もあんまり可愛くなかった。",3,178,"2013-11-04 09:43:40.208815","2013-11-04 09:43:40.208815"
287,"",6,167,"2013-11-04 23:44:53.512750","2013-11-04 23:44:53.512750"
288,"元気な猫の男の子ノンタンを主人公とした絵本のシリーズで、1976年に最初の絵本『ノンタンぶらんこのせて』が刊行。その後、絵本はもちろんのこと、CD、テレビアニメ、キャラクター商品などでも人気を博している。(Wikipediaより)きっと、誰でも一度は目にした事あるノンタン。子供の頃を思い出して懐かしい人も多いと思います。",6,170,"2013-11-04 23:44:54.493871","2013-11-04 23:44:54.493871"
